filename,label,filepath
fist_001.jpg,fist,dataset_raw\fist\fist_001.jpg
fist_002.jpg,fist,dataset_raw\fist\fist_002.jpg
fist_003.jpg,fist,dataset_raw\fist\fist_003.jpg
fist_004.jpg,fist,dataset_raw\fist\fist_004.jpg
fist_005.jpg,fist,dataset_raw\fist\fist_005.jpg
fist_006.jpg,fist,dataset_raw\fist\fist_006.jpg
fist_007.jpg,fist,dataset_raw\fist\fist_007.jpg
fist_008.jpg,fist,dataset_raw\fist\fist_008.jpg
fist_009.jpg,fist,dataset_raw\fist\fist_009.jpg
fist_010.jpg,fist,dataset_raw\fist\fist_010.jpg
fist_011.jpg,fist,dataset_raw\fist\fist_011.jpg
fist_012.jpg,fist,dataset_raw\fist\fist_012.jpg
fist_013.jpg,fist,dataset_raw\fist\fist_013.jpg
fist_014.jpg,fist,dataset_raw\fist\fist_014.jpg
fist_015.jpg,fist,dataset_raw\fist\fist_015.jpg
fist_016.jpg,fist,dataset_raw\fist\fist_016.jpg
fist_017.jpg,fist,dataset_raw\fist\fist_017.jpg
fist_018.jpg,fist,dataset_raw\fist\fist_018.jpg
fist_019.jpg,fist,dataset_raw\fist\fist_019.jpg
fist_020.jpg,fist,dataset_raw\fist\fist_020.jpg
fist_021.jpg,fist,dataset_raw\fist\fist_021.jpg
fist_022.jpg,fist,dataset_raw\fist\fist_022.jpg
fist_023.jpg,fist,dataset_raw\fist\fist_023.jpg
fist_024.jpg,fist,dataset_raw\fist\fist_024.jpg
fist_025.jpg,fist,dataset_raw\fist\fist_025.jpg
fist_026.jpg,fist,dataset_raw\fist\fist_026.jpg
fist_027.jpg,fist,dataset_raw\fist\fist_027.jpg
fist_028.jpg,fist,dataset_raw\fist\fist_028.jpg
fist_029.jpg,fist,dataset_raw\fist\fist_029.jpg
fist_030.jpg,fist,dataset_raw\fist\fist_030.jpg
fist_031.jpg,fist,dataset_raw\fist\fist_031.jpg
fist_032.jpg,fist,dataset_raw\fist\fist_032.jpg
fist_033.jpg,fist,dataset_raw\fist\fist_033.jpg
fist_034.jpg,fist,dataset_raw\fist\fist_034.jpg
fist_035.jpg,fist,dataset_raw\fist\fist_035.jpg
fist_036.jpg,fist,dataset_raw\fist\fist_036.jpg
fist_037.jpg,fist,dataset_raw\fist\fist_037.jpg
fist_038.jpg,fist,dataset_raw\fist\fist_038.jpg
fist_039.jpg,fist,dataset_raw\fist\fist_039.jpg
fist_040.jpg,fist,dataset_raw\fist\fist_040.jpg
fist_041.jpg,fist,dataset_raw\fist\fist_041.jpg
fist_042.jpg,fist,dataset_raw\fist\fist_042.jpg
fist_043.jpg,fist,dataset_raw\fist\fist_043.jpg
fist_044.jpg,fist,dataset_raw\fist\fist_044.jpg
fist_045.jpg,fist,dataset_raw\fist\fist_045.jpg
fist_046.jpg,fist,dataset_raw\fist\fist_046.jpg
fist_047.jpg,fist,dataset_raw\fist\fist_047.jpg
fist_048.jpg,fist,dataset_raw\fist\fist_048.jpg
fist_049.jpg,fist,dataset_raw\fist\fist_049.jpg
fist_050.jpg,fist,dataset_raw\fist\fist_050.jpg
fist_051.jpg,fist,dataset_raw\fist\fist_051.jpg
palm_001.jpg,palm,dataset_raw\palm\palm_001.jpg
palm_002.jpg,palm,dataset_raw\palm\palm_002.jpg
palm_003.jpg,palm,dataset_raw\palm\palm_003.jpg
palm_004.jpg,palm,dataset_raw\palm\palm_004.jpg
palm_005.jpg,palm,dataset_raw\palm\palm_005.jpg
palm_006.jpg,palm,dataset_raw\palm\palm_006.jpg
palm_007.jpg,palm,dataset_raw\palm\palm_007.jpg
palm_008.jpg,palm,dataset_raw\palm\palm_008.jpg
palm_009.jpg,palm,dataset_raw\palm\palm_009.jpg
palm_010.jpg,palm,dataset_raw\palm\palm_010.jpg
palm_011.jpg,palm,dataset_raw\palm\palm_011.jpg
palm_012.jpg,palm,dataset_raw\palm\palm_012.jpg
palm_013.jpg,palm,dataset_raw\palm\palm_013.jpg
palm_014.jpg,palm,dataset_raw\palm\palm_014.jpg
palm_015.jpg,palm,dataset_raw\palm\palm_015.jpg
palm_016.jpg,palm,dataset_raw\palm\palm_016.jpg
palm_017.jpg,palm,dataset_raw\palm\palm_017.jpg
palm_018.jpg,palm,dataset_raw\palm\palm_018.jpg
palm_019.jpg,palm,dataset_raw\palm\palm_019.jpg
palm_020.jpg,palm,dataset_raw\palm\palm_020.jpg
palm_021.jpg,palm,dataset_raw\palm\palm_021.jpg
palm_022.jpg,palm,dataset_raw\palm\palm_022.jpg
palm_023.jpg,palm,dataset_raw\palm\palm_023.jpg
palm_024.jpg,palm,dataset_raw\palm\palm_024.jpg
palm_025.jpg,palm,dataset_raw\palm\palm_025.jpg
palm_026.jpg,palm,dataset_raw\palm\palm_026.jpg
palm_027.jpg,palm,dataset_raw\palm\palm_027.jpg
palm_028.jpg,palm,dataset_raw\palm\palm_028.jpg
palm_029.jpg,palm,dataset_raw\palm\palm_029.jpg
palm_030.jpg,palm,dataset_raw\palm\palm_030.jpg
palm_031.jpg,palm,dataset_raw\palm\palm_031.jpg
palm_032.jpg,palm,dataset_raw\palm\palm_032.jpg
palm_033.jpg,palm,dataset_raw\palm\palm_033.jpg
palm_034.jpg,palm,dataset_raw\palm\palm_034.jpg
palm_035.jpg,palm,dataset_raw\palm\palm_035.jpg
palm_036.jpg,palm,dataset_raw\palm\palm_036.jpg
palm_037.jpg,palm,dataset_raw\palm\palm_037.jpg
palm_038.jpg,palm,dataset_raw\palm\palm_038.jpg
palm_039.jpg,palm,dataset_raw\palm\palm_039.jpg
palm_040.jpg,palm,dataset_raw\palm\palm_040.jpg
palm_041.jpg,palm,dataset_raw\palm\palm_041.jpg
palm_042.jpg,palm,dataset_raw\palm\palm_042.jpg
palm_043.jpg,palm,dataset_raw\palm\palm_043.jpg
palm_044.jpg,palm,dataset_raw\palm\palm_044.jpg
palm_045.jpg,palm,dataset_raw\palm\palm_045.jpg
palm_046.jpg,palm,dataset_raw\palm\palm_046.jpg
palm_047.jpg,palm,dataset_raw\palm\palm_047.jpg
palm_048.jpg,palm,dataset_raw\palm\palm_048.jpg
palm_049.jpg,palm,dataset_raw\palm\palm_049.jpg
palm_050.jpg,palm,dataset_raw\palm\palm_050.jpg
thumbs_up_001.jpg,thumbs_up,dataset_raw\thumbs_up\thumbs_up_001.jpg
thumbs_up_002.jpg,thumbs_up,dataset_raw\thumbs_up\thumbs_up_002.jpg
thumbs_up_003.jpg,thumbs_up,dataset_raw\thumbs_up\thumbs_up_003.jpg
thumbs_up_004.jpg,thumbs_up,dataset_raw\thumbs_up\thumbs_up_004.jpg
thumbs_up_005.jpg,thumbs_up,dataset_raw\thumbs_up\thumbs_up_005.jpg
thumbs_up_006.jpg,thumbs_up,dataset_raw\thumbs_up\thumbs_up_006.jpg
thumbs_up_007.jpg,thumbs_up,dataset_raw\thumbs_up\thumbs_up_007.jpg
thumbs_up_008.jpg,thumbs_up,dataset_raw\thumbs_up\thumbs_up_008.jpg
thumbs_up_009.jpg,thumbs_up,dataset_raw\thumbs_up\thumbs_up_009.jpg
thumbs_up_010.jpg,thumbs_up,dataset_raw\thumbs_up\thumbs_up_010.jpg
thumbs_up_011.jpg,thumbs_up,dataset_raw\thumbs_up\thumbs_up_011.jpg
thumbs_up_012.jpg,thumbs_up,dataset_raw\thumbs_up\thumbs_up_012.jpg
thumbs_up_013.jpg,thumbs_up,dataset_raw\thumbs_up\thumbs_up_013.jpg
thumbs_up_014.jpg,thumbs_up,dataset_raw\thumbs_up\thumbs_up_014.jpg
thumbs_up_015.jpg,thumbs_up,dataset_raw\thumbs_up\thumbs_up_015.jpg
thumbs_up_016.jpg,thumbs_up,dataset_raw\thumbs_up\thumbs_up_016.jpg
thumbs_up_017.jpg,thumbs_up,dataset_raw\thumbs_up\thumbs_up_017.jpg
thumbs_up_018.jpg,thumbs_up,dataset_raw\thumbs_up\thumbs_up_018.jpg
thumbs_up_019.jpg,thumbs_up,dataset_raw\thumbs_up\thumbs_up_019.jpg
thumbs_up_020.jpg,thumbs_up,dataset_raw\thumbs_up\thumbs_up_020.jpg
thumbs_up_021.jpg,thumbs_up,dataset_raw\thumbs_up\thumbs_up_021.jpg
thumbs_up_022.jpg,thumbs_up,dataset_raw\thumbs_up\thumbs_up_022.jpg
thumbs_up_023.jpg,thumbs_up,dataset_raw\thumbs_up\thumbs_up_023.jpg
thumbs_up_024.jpg,thumbs_up,dataset_raw\thumbs_up\thumbs_up_024.jpg
thumbs_up_025.jpg,thumbs_up,dataset_raw\thumbs_up\thumbs_up_025.jpg
thumbs_up_026.jpg,thumbs_up,dataset_raw\thumbs_up\thumbs_up_026.jpg
thumbs_up_027.jpg,thumbs_up,dataset_raw\thumbs_up\thumbs_up_027.jpg
thumbs_up_028.jpg,thumbs_up,dataset_raw\thumbs_up\thumbs_up_028.jpg
thumbs_up_029.jpg,thumbs_up,dataset_raw\thumbs_up\thumbs_up_029.jpg
thumbs_up_030.jpg,thumbs_up,dataset_raw\thumbs_up\thumbs_up_030.jpg
thumbs_up_031.jpg,thumbs_up,dataset_raw\thumbs_up\thumbs_up_031.jpg
thumbs_up_032.jpg,thumbs_up,dataset_raw\thumbs_up\thumbs_up_032.jpg
thumbs_up_033.jpg,thumbs_up,dataset_raw\thumbs_up\thumbs_up_033.jpg
thumbs_up_034.jpg,thumbs_up,dataset_raw\thumbs_up\thumbs_up_034.jpg
thumbs_up_035.jpg,thumbs_up,dataset_raw\thumbs_up\thumbs_up_035.jpg
thumbs_up_036.jpg,thumbs_up,dataset_raw\thumbs_up\thumbs_up_036.jpg
thumbs_up_037.jpg,thumbs_up,dataset_raw\thumbs_up\thumbs_up_037.jpg
thumbs_up_038.jpg,thumbs_up,dataset_raw\thumbs_up\thumbs_up_038.jpg
thumbs_up_039.jpg,thumbs_up,dataset_raw\thumbs_up\thumbs_up_039.jpg
thumbs_up_040.jpg,thumbs_up,dataset_raw\thumbs_up\thumbs_up_040.jpg
thumbs_up_041.jpg,thumbs_up,dataset_raw\thumbs_up\thumbs_up_041.jpg
thumbs_up_042.jpg,thumbs_up,dataset_raw\thumbs_up\thumbs_up_042.jpg
thumbs_up_043.jpg,thumbs_up,dataset_raw\thumbs_up\thumbs_up_043.jpg
thumbs_up_044.jpg,thumbs_up,dataset_raw\thumbs_up\thumbs_up_044.jpg
thumbs_up_045.jpg,thumbs_up,dataset_raw\thumbs_up\thumbs_up_045.jpg
thumbs_up_046.jpg,thumbs_up,dataset_raw\thumbs_up\thumbs_up_046.jpg
thumbs_up_047.jpg,thumbs_up,dataset_raw\thumbs_up\thumbs_up_047.jpg
thumbs_up_048.jpg,thumbs_up,dataset_raw\thumbs_up\thumbs_up_048.jpg
thumbs_up_049.jpg,thumbs_up,dataset_raw\thumbs_up\thumbs_up_049.jpg
thumbs_up_050.jpg,thumbs_up,dataset_raw\thumbs_up\thumbs_up_050.jpg
